{
  "args": {
    "indir": "smaller_data",
    "outdir": "sample/results",
    "file_fraction": 1.0,
    "data_splits": [
      0.6,
      0.2,
      0.2
    ],
    "epochs": 50,
    "batch_size": 2,
    "learning_rate": 1e-05,
    "num_classes": 1,
    "kernel_size": 3,
    "height": 625,
    "width": 625,
    "normalize": true,
    "standardize": false,
    "gpus": null,
    "num_workers": 0,
    "rho": false
  },
  "features": [
    "b1",
    "b2",
    "b3",
    "e1",
    "e2",
    "e3",
    "rho",
    "p"
  ],
  "train_losses": [
    0.03472693016131719,
    0.03468852862715721,
    0.03465020035703977,
    0.03461205462614695,
    0.034574609249830246,
    0.0345379908879598,
    0.03450184936324755,
    0.03446575254201889,
    0.03442924345533053,
    0.0343919408818086,
    0.03435346856713295,
    0.03431341548760732,
    0.034271216640869774,
    0.03422632937630018,
    0.03417835012078285,
    0.034126948565244675,
    0.03407131756345431,
    0.034010415275891624,
    0.03394400700926781,
    0.033871506651242576,
    0.033791458855072655,
    0.0337026963631312,
    0.033603748927513756,
    0.033492847035328545,
    0.03336814294258753,
    0.033227295925219856,
    0.03306757534543673,
    0.03288532420992851,
    0.03267591570814451,
    0.03243396803736687,
    0.03215365236004194,
    0.03182664389411608,
    0.0314411831398805,
    0.030980439856648445,
    0.03042260433236758,
    0.029739135255416233,
    0.028897500907381374,
    0.02786192422111829,
    0.026601677760481834,
    0.025113138059775036,
    0.023453674589594204,
    0.021779902279376984,
    0.020335139085849125,
    0.01932675577700138,
    0.018774695073564846,
    0.018531682590643566,
    0.018438647190729778,
    0.018404473240176838,
    0.018391449625293415,
    0.01838606782257557
  ],
  "val_losses": [
    0.03470059111714363,
    0.034662023186683655,
    0.03462360426783562,
    0.034585610032081604,
    0.03454871103167534,
    0.034512363374233246,
    0.034476254135370255,
    0.0344398058950901,
    0.034402646124362946,
    0.03436441347002983,
    0.03432474657893181,
    0.034283049404621124,
    0.03423871099948883,
    0.034191347658634186,
    0.0341406986117363,
    0.03408610820770264,
    0.03402639925479889,
    0.0339612141251564,
    0.03389040380716324,
    0.03381221368908882,
    0.03372548893094063,
    0.03362884372472763,
    0.03352055698633194,
    0.03339894488453865,
    0.03326161950826645,
    0.03310626372694969,
    0.03292940557003021,
    0.0327264741063118,
    0.032492343336343765,
    0.03222157061100006,
    0.03190656378865242,
    0.03153687343001366,
    0.031097084283828735,
    0.030567094683647156,
    0.029920175671577454,
    0.029124604538083076,
    0.028145374730229378,
    0.02694825455546379,
    0.025517458096146584,
    0.023887692019343376,
    0.022185012698173523,
    0.020641125738620758,
    0.019501106813549995,
    0.0188475102186203,
    0.01855452172458172,
    0.01844402588903904,
    0.018405037000775337,
    0.018390942364931107,
    0.018385425209999084,
    0.01838303916156292
  ],
  "test_loss": 0.018384473398327827,
  "last_epoch": 50,
  "best_epoch": 50,
  "lr_history": {
    "0": 1e-05
  },
  "train_files": [
    "/content/ML-BH-reconnection/smaller_data/data_time_0038_smaller.npz",
    "/content/ML-BH-reconnection/smaller_data/data_time_0048_smaller.npz",
    "/content/ML-BH-reconnection/smaller_data/data_time_0044_smaller.npz",
    "/content/ML-BH-reconnection/smaller_data/data_time_0046_smaller.npz",
    "/content/ML-BH-reconnection/smaller_data/data_time_0042_smaller.npz",
    "/content/ML-BH-reconnection/smaller_data/data_time_0040_smaller.npz"
  ],
  "val_files": [
    "/content/ML-BH-reconnection/smaller_data/data_time_0034_smaller.npz",
    "/content/ML-BH-reconnection/smaller_data/data_time_0036_smaller.npz"
  ],
  "test_files": [
    "/content/ML-BH-reconnection/smaller_data/data_time_0050_smaller.npz",
    "/content/ML-BH-reconnection/smaller_data/data_time_0032_smaller.npz"
  ]
}