{
  "args": {
    "indir": "smaller_data",
    "outdir": "sample/results",
    "file_fraction": 1.0,
    "data_splits": [
      0.6,
      0.2,
      0.2
    ],
    "epochs": 200,
    "batch_size": 2,
    "learning_rate": 1e-05,
    "num_classes": 1,
    "kernel_size": 3,
    "height": 625,
    "width": 625,
    "normalize": true,
    "standardize": false,
    "gpus": null,
    "num_workers": 0,
    "rho": false
  },
  "features": [
    "b1",
    "b2",
    "b3",
    "e1",
    "e2",
    "e3",
    "rho",
    "p"
  ],
  "train_losses": [
    0.03508362298210462,
    0.035058593998352684,
    0.03503373389442762,
    0.035009036461512245,
    0.03498456502954165,
    0.03495994955301285,
    0.0349348708987236,
    0.0349091204504172,
    0.0348827230433623,
    0.03485555574297905,
    0.03482716158032417,
    0.034797172993421555,
    0.03476544221242269,
    0.034731727093458176,
    0.0346958301961422,
    0.034657554080088936,
    0.034616485238075256,
    0.0345722200969855,
    0.03452432652314504,
    0.03447223578890165,
    0.03441528479258219,
    0.034352572013934456,
    0.03428291156888008,
    0.03420569747686386,
    0.034120067954063416,
    0.03402423486113548,
    0.033916460971037544,
    0.03379493827621142,
    0.033657368272542953,
    0.033500763277212776,
    0.033321170757214226,
    0.03311383600036303,
    0.03287272776166598,
    0.03258997450272242,
    0.03225479771693548,
    0.031852491199970245,
    0.03136369772255421,
    0.030761735513806343,
    0.030011082688967388,
    0.029068026691675186,
    0.027888016154368717,
    0.026440735285480816,
    0.024743320420384407,
    0.02291656533877055,
    0.021203215544422466,
    0.019876527910431225,
    0.019059554984172184,
    0.018657436594367027,
    0.018489918981989224,
    0.018425488844513893,
    0.018400656680266064,
    0.018390522028009098,
    0.01838602063556512,
    0.018383830164869625,
    0.018382669736941654,
    0.018382008497913677,
    0.018381608029206593,
    0.018381351605057716,
    0.018381180862585705,
    0.018381064136823017,
    0.01838098218043645,
    0.01838092381755511,
    0.01838087849318981,
    0.018380845586458843,
    0.018380821992953617,
    0.01838080274562041,
    0.01838078536093235,
    0.018380772322416306,
    0.01838076114654541,
    0.018380753075083096,
    0.018380744382739067,
    0.01838073693215847,
    0.018380728860696156,
    0.018380722030997276,
    0.01838071644306183,
    0.0183807114760081,
    0.018380708371599514,
    0.018380707129836082,
    0.018380705267190933,
    0.018380700921018917,
    0.018380699058373768,
    0.018380695953965187,
    0.018380692849556606,
    0.01838069222867489,
    0.01838068726162116,
    0.018380686019857723,
    0.018380682294567425,
    0.018380681052803993,
    0.01838067981104056,
    0.01838067981104056,
    0.018380677327513695,
    0.018380676085750263,
    0.018380674843986828,
    0.018380674223105114,
    0.018380672360459965,
    0.018380669876933098,
    0.018380669876933098,
    0.01838066801428795,
    0.0183806661516428,
    0.0183806661516428,
    0.018380664909879368,
    0.018380664909879368,
    0.01838066428899765,
    0.01838066304723422,
    0.01838066304723422,
    0.01838066428899765,
    0.01838066304723422,
    0.01838066304723422,
    0.01838066304723422,
    0.01838066056370735,
    0.018380659942825634,
    0.018380659942825634,
    0.018380659942825634,
    0.018380659942825634,
    0.018380659942825634,
    0.018380659942825634,
    0.018380658080180485,
    0.018380658080180485,
    0.018380658080180485,
    0.01838065745929877,
    0.01838065745929877,
    0.018380656838417053,
    0.018380656217535336,
    0.018380656217535336,
    0.01838065559665362,
    0.01838065559665362,
    0.01838065559665362,
    0.01838065559665362,
    0.018380654975771904
  ],
  "val_losses": [
    0.035066742449998856,
    0.03504176437854767,
    0.03501695394515991,
    0.03499238193035126,
    0.03496778383851051,
    0.03494274616241455,
    0.03491707891225815,
    0.03489077463746071,
    0.03486376628279686,
    0.03483566641807556,
    0.034806028008461,
    0.03477468341588974,
    0.03474138677120209,
    0.03470592945814133,
    0.03466818109154701,
    0.03462773934006691,
    0.0345841720700264,
    0.03453703597187996,
    0.03448577597737312,
    0.034429777413606644,
    0.034368228167295456,
    0.034299906343221664,
    0.034224119037389755,
    0.03414018824696541,
    0.034046415239572525,
    0.03394100069999695,
    0.03382226079702377,
    0.033688005059957504,
    0.033535435795784,
    0.03336083143949509,
    0.03315972909331322,
    0.032926466315984726,
    0.03265387564897537,
    0.032331936061382294,
    0.03194725885987282,
    0.031482040882110596,
    0.030911952257156372,
    0.030204270035028458,
    0.02931728959083557,
    0.028205443173646927,
    0.02683180943131447,
    0.02519514411687851,
    0.023380564525723457,
    0.021602638065814972,
    0.020147545263171196,
    0.019200250506401062,
    0.01871454529464245,
    0.01850930042564869,
    0.01843130588531494,
    0.018402159214019775,
    0.01839074306190014,
    0.018385877832770348,
    0.018383607268333435,
    0.018382446840405464,
    0.01838180422782898,
    0.018381426110863686,
    0.018381187692284584,
    0.018381033092737198,
    0.01838092692196369,
    0.01838085427880287,
    0.018380802124738693,
    0.01838076300919056,
    0.01838073320686817,
    0.01838071271777153,
    0.018380694091320038,
    0.018380679190158844,
    0.018380669876933098,
    0.0183806624263525,
    0.018380653113126755,
    0.018380645662546158,
    0.01838064007461071,
    0.01838063634932041,
    0.018380630761384964,
    0.018380623310804367,
    0.018380621448159218,
    0.01838061958551407,
    0.01838061586022377,
    0.01838061399757862,
    0.018380610272288322,
    0.018380610272288322,
    0.018380608409643173,
    0.018380602821707726,
    0.018380600959062576,
    0.018380600959062576,
    0.018380599096417427,
    0.018380597233772278,
    0.01838059537112713,
    0.01838059537112713,
    0.01838059350848198,
    0.01838059350848198,
    0.01838059164583683,
    0.01838058978319168,
    0.01838058792054653,
    0.01838058792054653,
    0.01838058792054653,
    0.018380584195256233,
    0.018380584195256233,
    0.018380584195256233,
    0.018380582332611084,
    0.018380582332611084,
    0.018380582332611084,
    0.018380580469965935,
    0.018380580469965935,
    0.018380580469965935,
    0.018380580469965935,
    0.018380580469965935,
    0.018380580469965935,
    0.018380580469965935,
    0.018380580469965935,
    0.018380580469965935,
    0.018380578607320786,
    0.018380578607320786,
    0.018380578607320786,
    0.018380578607320786,
    0.018380578607320786,
    0.018380576744675636,
    0.018380576744675636,
    0.018380576744675636,
    0.018380574882030487,
    0.018380574882030487,
    0.018380574882030487,
    0.018380574882030487,
    0.018380574882030487,
    0.018380574882030487,
    0.018380574882030487,
    0.018380574882030487,
    0.018380574882030487,
    0.018380574882030487,
    0.018380574882030487
  ],
  "test_loss": 0.01838039420545101,
  "last_epoch": 129,
  "best_epoch": 119,
  "lr_history": {
    "0": 1e-05,
    "69": 5e-06,
    "81": 2.5e-06,
    "93": 1.25e-06,
    "105": 6.25e-07,
    "117": 3.125e-07,
    "129": 1.5625e-07
  },
  "train_files": [
    "/content/ML-BH-reconnection/smaller_data/data_time_0048_smaller.npz",
    "/content/ML-BH-reconnection/smaller_data/data_time_0044_smaller.npz",
    "/content/ML-BH-reconnection/smaller_data/data_time_0046_smaller.npz",
    "/content/ML-BH-reconnection/smaller_data/data_time_0036_smaller.npz",
    "/content/ML-BH-reconnection/smaller_data/data_time_0038_smaller.npz",
    "/content/ML-BH-reconnection/smaller_data/data_time_0032_smaller.npz"
  ],